item,qty,spec,supplier,unit_cost_usd,make_buy,notes
1 Fuselage box,1,"3 mm birch aircraft plywood (sides, floor, bulkheads, rear wall), 6 mm birch aircraft plywood (firewall and wing-root doublers), 80 g/m2 glass cloth and epoxy outside; 750 x 140 x 150 mm","Model aircraft plywood and composites supplier",45.00,make,Indicative price for the plywood share and resin; joiner and wing bolt holes drilled through sides and doublers (KWR-DDR-002)
2 Hatch,1,"3 mm birch aircraft plywood 750 x 140 mm, front tongue, one M4 nylon thumb screw into a captive nut, 8.5 mm hole for the GNSS mast","Cut from the sheets in item 1",4.00,make,Indicative price for the thumb screw and nut
3 Nose cone and cruise motor mount,1,"Printed ASA, about 120 g, 4 perimeters, 25 % gyroid infill; four M3 heat-set inserts for the cruise motor on a 25 mm bolt circle (to match the motor bought); bonded and bolted to the firewall with four M4 bolts","3D printing filament supplier",8.00,make,Indicative price
4 Tail boom socket,1,"Printed ASA, about 60 g, 6 perimeters, 40 % infill, 20 mm bore, split clamp with one M4 x 30 bolt; glued to the rear wall and floor","3D printing filament supplier",4.00,make,Indicative price
5 Wing panel with aileron,2,"XPS foam 30 kg/m3 hot-wire cut to NACA 2412, root chord 310 mm, tip chord 250 mm, 1,180 mm panel; 80 g/m2 glass cloth both sides in epoxy; 3 mm plywood root rib with the joiner and wing bolt holes; two 3 mm plywood pylon hardpoints; 10 mm wiring conduit; aileron hinged on tape; servo bay","Foam, glass and epoxy from a composites supplier",70.00,make,Indicative price per panel
6 Wing spar,2,"Pultruded carbon tube 22 mm OD, 20 mm ID, 1,200 mm long, cut to 1,160 mm","Carbon tube supplier",38.00,buy,Indicative price
7 Wing joiner tube,1,"Roll-wrapped carbon tube 20 mm OD, 16 mm ID, 640 mm long; slides into both spars","Carbon tube supplier",35.00,buy,Indicative price; check it slides in the spar bore without play when bought
8 Wing bolt,2,"M5 x 40 nylon socket cap screw with an M5 threaded insert bonded in the root rib","Fastener supplier",1.00,buy,Indicative price
9 Boom pylon,2,"Printed ASA, about 150 g, 6 perimeters, 40 % infill, 200 x 44 x 90 mm, top shaped to the wing lower skin; four M4 heat-set inserts; two M5 captive nuts","3D printing filament supplier",8.00,make,Indicative price
10 Pylon bolt,4,"M5 x 90 stainless socket cap screw with a 15 mm penny washer on the upper skin","Fastener supplier",1.50,buy,Indicative price
11 Boom clamp cap,4,"Printed ASA, 100 % infill, 30 x 44 mm, two M4 x 20 bolts each","3D printing filament supplier",1.50,make,Indicative price
12 Lift boom,2,"Roll-wrapped carbon tube 25 mm OD, 23 mm ID, 1,100 mm long, cut to 1,092 mm","Carbon tube supplier",48.00,buy,Indicative price
13 Landing leg set,4,"Carbon rod 12 mm x 182 mm; printed ASA boom clamp (two M3 bolts); printed ASA elliptical fairing 32 x 16 mm; printed TPU foot 36 mm","Carbon and filament suppliers",9.00,make,Indicative price per leg
14 Tail boom,1,"Pultruded carbon tube 20 mm OD, 17 mm ID, 900 mm long, cut to 850 mm","Carbon tube supplier",28.00,buy,Indicative price
15 Tail mount,1,"Printed ASA, about 70 g, 6 perimeters, 40 % infill, shaped to the stabiliser and fin roots, split clamp with one M4 bolt","3D printing filament supplier",4.00,make,Indicative price
16 Horizontal stabiliser with elevator,1,"XPS foam hot-wire cut to NACA 0010, 640 x 170 mm, 80 g/m2 glass both sides, elevator hinged on tape at 70 % chord, servo bay","Composites supplier",18.00,make,Indicative price
17 Fin with rudder,1,"XPS foam hot-wire cut to NACA 0010, root chord 170 mm, tip chord 130 mm, 300 mm high, glass both sides, rudder hinged on tape at 70 % chord","Composites supplier",14.00,make,Indicative price
18 Lift motor mount,4,"Aluminium motor mount that clamps a 25 mm tube, top plate drilled for a 5212-class motor","Multirotor parts supplier",18.00,buy,Indicative price
19 Lift ESC,4,"60 A, 6S, open-firmware (AM32 or BLHeli-32 class), DShot, rated to -20 C or tested cold","Multirotor parts supplier",45.00,buy,Indicative price; strapped under the boom inboard of the motor
20 Lift motor,4,"5212-class outrunner, 340 KV, 6S, about 205 g, maker static thrust at least 5.8 kgf with a 20 x 6.5 in propeller at sea level","Multirotor motor supplier",120.00,buy,Indicative price; thrust at 5000 m density to be measured in AltiRig
21 Lift propeller,4,"20 x 6.5 in carbon, two clockwise and two anticlockwise","Multirotor parts supplier",40.00,buy,Indicative price
22 Cruise motor and ESC,1,"4120-class outrunner, 400 KV, about 195 g, with a 60 A 6S ESC","Fixed-wing parts supplier",130.00,buy,Indicative price
23 Cruise folding propeller,1,"14 x 10 in folding blades on a 36 mm spinner and yoke","Fixed-wing parts supplier",35.00,buy,Indicative price
24 Servo,4,"Metal-gear digital servo, 20 mm class, at least 0.5 N m, rated to -20 C or tested cold (2 ailerons, elevator, rudder)","Fixed-wing parts supplier",35.00,buy,Indicative price
25 Heated pitot probe and airspeed sensor,1,"Pitot-static probe 6 mm with a heater, differential pressure sensor on the Kitewright Core bus","Autopilot parts supplier",140.00,buy,Indicative price
26 Kitewright Core avionics set,1,"Flight controller, GNSS and compass on a mast, telemetry radio, control link receiver, power module, harness; to the Kitewright Core design","See kitewright-core bom/bom.csv",900.00,buy,"Assumed share of the Kitewright Core; envelope 180 x 110 x 60 mm, 0.78 kg with the GNSS mast (cross-repo assumption, docs/REVIEW.md)"
27 Payload mount (Kitewright Core),1,"Plain rail with locking pin and DS-014 connector on a 160 x 80 x 12 mm plate; four M4 bolts into the fuselage floor","See kitewright-core bom/bom.csv",60.00,buy,Assumed bolt pattern (cross-repo assumption)
28 ColdCell pack,2,"6S3P Li-ion, 21700 cells of 4.5 Ah, about 292 Wh, film heater with BMS thermostat, XT90 lead; 138 x 75 x 82 mm, 1.40 kg","ColdCell design (Kitewright family)",290.00,buy,Assumed ColdCell format (cross-repo assumption)
29 Power harness and connectors,1,"10 and 12 AWG silicone wire, XT90 and XT60 connectors, root plugs for each boom, arming plug in the main lead","Electronics distributor",85.00,buy,Indicative price
30 Fasteners and consumables,1,"M3, M4 and M5 bolts and heat-set inserts, epoxy, cyanoacrylate, hinge tape, cable ties","Fastener and hobby suppliers",60.00,buy,Indicative price
31 Transport case,2,"Hard case with foam, inside length at least 1,250 mm, no more than 1,300 mm outside","Case supplier",180.00,buy,Indicative price
32 Arming switch,1,"Lockable safety switch on the hatch wired to the flight controller, plus the arming plug in item 29","Autopilot parts supplier",25.00,buy,Indicative price
